patient,label,dataset,slide,category
6520922,MF,train,H04-01233-1A,Disease_F
6885095,MF,train,H13-04946-1A,Disease_B
2337846,MF,train,H13-08867-1A,Disease_C
2337846,MF,train,H14-03433-1A,Disease_C
2337846,MF,train,H14-15391-1A,Disease_C
6430161,BID,train,H15-00031-1A,Disease_C
7321602,BID,train,H15-00032-1A,Disease_D
3428013,BID,train,H15-00094-1A,Disease_B
3587855,BID,train,H15-00175-1A,Disease_A
5325886,BID,train,H15-00189-1A,Disease_A
7417006,BID,train,H15-00248-1A,Disease_E
7417006,BID,train,H15-00248-2A,Disease_E
1352791,BID,train,H15-00321-1A,Disease_E
5995400,BID,train,H15-00441-1A,Disease_A
1398666,BID,train,H15-00673-1A,Disease_C
417849,BID,train,H15-00674-1A,Disease_F
3404622,BID,train,H15-00692-1A,Disease_C
9053861,BID,train,H15-00700-1A,Disease_E
1428751,BID,train,H15-00717-1A,Disease_D
5382654,BID,train,H15-00888-1A,Disease_A
9158858,BID,train,H15-00896-1A,Disease_E
1588069,BID,train,H15-00984-1A,Disease_E
5160811,BID,train,H15-00985-1A,Disease_F
9440849,BID,train,H15-01085-1A,Disease_A
6258143,BID,train,H15-01558-1A,Disease_F
6748462,BID,train,H15-01718-1A,Disease_A
6748462,BID,train,H15-01718-2A,Disease_A
7449657,MF,train,H15-05066-1A,Disease_F
7449657,MF,train,H15-05066-2A,Disease_F
7449657,MF,train,H15-05066-3A,Disease_F
9450741,MF,train,H15-05367-1A,Disease_C
6394740,MF,train,H15-07216-1A,Disease_D
6394740,MF,train,H15-07216-2A,Disease_D
5472518,MF,train,H15-11278-1A,Disease_D
6474852,MF,train,H15-12170-WCL3949,Disease_A
3483335,MF,train,H15-14460-WCL3976-1A,Disease_B
6480529,MF,train,H15-15901-1A,Disease_E
7494134,MF,train,H16-01102-1A,Disease_E
2501532,MF,train,H16-03649-WCL4003,Disease_A
8507276,MF,train,H16-04679-1A,Disease_F
9503457,MF,train,H16-10276-1A,Disease_B
540467,MF,train,H16-11869-WCL4106,Disease_C
9542399,MF,train,H16-12642-1A,Disease_F
3568967,MF,train,H17-01661-1A,Disease_F
3571888,MF,train,H17-01680-1A,Disease_A
9585832,MF,train,H17-04931-2A,Disease_A
5587353,MF,train,H17-05752-2,Disease_E
6594209,MF,train,H17-07652-2A,Disease_A
7600867,MF,train,H17-09026-WCL4256,Disease_A
6602412,MF,train,H17-09361-1A,Disease_A
8408008,MF,train,H17-11876-1A,Disease_E
622925,MF,train,H17-13500-1,Disease_C
622925,MF,train,H17-13500-2,Disease_C
360165,MF,train,H17-13709-1A,Disease_C
6631057,MF,train,H17-15021-1A,Disease_A
8635649,MF,train,H18-00295-36-HE,Disease_E
8019471,MF,train,H18-02536-1A,Disease_C
2648163,MF,train,H18-02913-1A,Disease_F
1653469,MF,train,H18-03586-1A,Disease_C
8648524,MF,train,H18-03963-1A,Disease_C
1654362,MF,train,H18-05596-1A,Disease_E
1580464,BID,train,H18-06259-1A,Disease_F
9664648,MF,train,H18-07306-2,Disease_E
5920973,MF,train,H18-07652-1A,Disease_A
5671659,BID,train,H18-08120-1A,Disease_D
5671659,BID,train,H18-08120-2-2,Disease_D
5675061,MF,train,H18-08618-1A,Disease_C
1700077,MF,train,H18-15433-1A,Disease_D
1700077,MF,train,H18-15433-2A,Disease_D
2711389,MF,train,H18-16960-3,Disease_E
2711389,MF,train,H18-16960-6,Disease_E
7721663,MF,train,H19-01612-1A,Disease_E
1384576,MF,train,H19-02901-1A,Disease_E
3285782,BID,train,H19-04660-1A,Disease_D
3285782,BID,train,H19-04660-2-1-SSS,Disease_D
1654362,MF,train,H19-05129-1A,Disease_E
3209735,BID,train,H19-05306-1A,Disease_E
7738257,MF,train,H19-05473-1A,Disease_A
6642567,MF,train,H19-05765-1A,Disease_E
1995787,BID,train,H19-06351-1A,Disease_B
9734867,MF,train,H19-06442-1A,Disease_D
9724083,BID,train,H19-06538-1A,Disease_B
8103790,BID,train,H19-06743-1A,Disease_E
6751390,MF,train,H19-07954-WCL4690-10,Disease_A
6751390,MF,train,H19-07954-WCL4690-15,Disease_A
3012205,MF,train,H19-09033-1A,Disease_C
7919112,MF,train,H19-09314-1A,Disease_F
6755774,MF,train,H19-09376-1A,Disease_F
2757460,MF,train,H19-09718-1A,Disease_E
622925,MF,train,H19-10030-1A,Disease_C
622925,MF,train,H19-10030-2,Disease_C
1492098,BID,train,H19-10550-1A,Disease_A
7763643,MF,train,H19-10639-1A,Disease_D
5432538,BID,train,H19-11015-1A,Disease_B
5432538,BID,train,H19-11015-2A,Disease_B
5432538,BID,train,H19-11015-2-SSS,Disease_B
7762464,BID,train,H19-11085-1A,Disease_B
7045231,MF,train,H19-12057-1A,Disease_B
470418,BID,train,H19-12279-1-SSS,Disease_D
470418,BID,train,H19-12279-2-SS,Disease_D
9734867,MF,train,H19-12858-1A,Disease_D
776623,MF,train,H19-13145-1A,Disease_F
776623,MF,train,H19-13145-2,Disease_F
6751390,MF,train,H19-13722-1A,Disease_A
6751390,MF,train,H19-13722-2A,Disease_A
9779020,MF,train,H19-14036-1A,Disease_A
5784411,MF,train,H19-14603-1A,Disease_D
2337846,MF,train,H19-14737-1A,Disease_C
1785173,MF,train,H19-14899-1A,Disease_B
5787090,MF,train,H19-15249-1A,Disease_E
9789882,MF,train,H19-15866-1A,Disease_C
8790857,MF,train,H19-16293-1A,Disease_D
3306713,BID,train,H20-00120-1A,Disease_D
90324,MF,train,H20-00182-1A,Disease_A
2745661,BID,train,H20-00923-1A,Disease_A
7798724,MF,train,H20-01660-1A,Disease_D
2092955,MF,train,H20-01662-1A,Disease_B
2683948,BID,train,H20-01707-1A,Disease_C
8378698,BID,train,H20-02004-1A,Disease_A
8378698,BID,train,H20-02004-2-1-SSS,Disease_A
529871,BID,train,H20-02363-1A,Disease_B
529871,BID,train,H20-02363-2-SS,Disease_B
9194720,BID,train,H20-02822-1A,Disease_E
2809381,MF,train,H20-03494-WCL4854,Disease_A
9811893,MF,train,H20-04097-1A,Disease_B
9811893,MF,train,H20-04097-2,Disease_B
792366,BID,train,H20-04393-1A,Disease_B
9816683,MF,train,H20-04442-2A,Disease_C
818629,MF,train,H20-04623-1A,Disease_C
818629,MF,train,H20-04623-2,Disease_C
3813293,MF,train,H20-05317-1A,Disease_E
7807001,MF,train,H20-05844-1A,Disease_B
818629,MF,train,H20-06002-1A,Disease_C
818629,MF,train,H20-06002-2,Disease_C
5792013,MF,train,H20-06133-1A,Disease_F
7688798,MF,train,H20-06410-1A,Disease_B
7834963,MF,train,H20-07898-1A,Disease_C
7834963,MF,train,H20-07898-2A,Disease_C
1518047,MF,train,H20-07924-2A,Disease_F
7057340,BID,train,H20-07988-2A,Disease_A
2836460,MF,train,H20-08708-1A,Disease_A
2836460,MF,train,H20-08708-2A,Disease_A
1839170,MF,train,H20-08981-1A,Disease_D
8839385,MF,train,H20-08994-1A,Disease_C
8839385,MF,train,H20-08994-2A,Disease_C
3274338,BID,train,H20-09038-1A,Disease_D
6838155,MF,train,H20-09528-1A,Disease_F
3813293,MF,train,H20-09530-1A,Disease_E
1842121,MF,train,H20-09531-1A,Disease_C
2039054,MF,train,H20-10073-1A,Disease_E
7773156,MF,train,H20-10076-1A,Disease_B
8834140,BID,train,H20-10115-1A,Disease_E
8834140,BID,train,H20-10115-2-SSS,Disease_E
6104489,MF,train,H20-11118-1A,Disease_F
4193869,BID,train,H20-11394-1A,Disease_C
3851791,MF,train,H20-11397-1A,Disease_F
9262630,BID,train,H20-11774-1A,Disease_B
7353722,MF,train,H20-12695-1A,Disease_A
6840813,MF,train,H20-12696-1A,Disease_A
4118364,BID,train,H21-00064-2,Disease_F
4118364,BID,train,H21-00064-2-2-1-SSS,Disease_F
4118364,BID,train,H21-00064-2-4-1-SSS,Disease_F
4118364,BID,train,H21-00064-4,Disease_F
8899886,BID,train,H21-00155-1-SSS,Disease_D
8899886,BID,train,H21-00155-3-SSS,Disease_D
1224289,BID,train,H21-00221-1-SSS,Disease_C
1224289,BID,train,H21-00221-2-SSS,Disease_C
234241,BID,train,H21-00392-1-SSS,Disease_C
234241,BID,train,H21-00392-2-SSS,Disease_C
234241,BID,train,H21-00392-3-SSS,Disease_C
2858056,BID,train,H21-00443-1A,Disease_A
2846428,MF,train,H21-00713-1A,Disease_E
2846428,MF,train,H21-00713-2A,Disease_E
2846428,MF,train,H21-00713-3A,Disease_E
6481771,BID,train,H21-00952-1A,Disease_B
6798192,BID,train,H21-01171-1A,Disease_E
2866747,BID,train,H21-01212-1A,Disease_E
9866917,BID,train,H21-01624-1A,Disease_F
3729287,MF,train,H21-01766-1A,Disease_A
6730606,BID,train,H21-01778-1A,Disease_A
9727976,BID,train,H21-01981-1A,Disease_A
3536874,BID,train,H21-02112-1A,Disease_F
6843163,BID,train,H21-02151-1A,Disease_D
5320367,BID,train,H21-02318-1-SSS,Disease_E
5320367,BID,train,H21-02318-2-SSS,Disease_E
8871944,MF,train,H21-02634-1A,Disease_F
456789,BID,train,H21-02805-1A,Disease_C
1302684,BID,train,H21-03400-1A,Disease_B
7877111,MF,train,H21-03500-1A,Disease_D
174915,BID,train,H21-03761-1A,Disease_C
5051696,BID,train,H21-03860-1-SSS,Disease_E
5051696,BID,train,H21-03860-2-SSS,Disease_E
2029083,BID,train,H21-04022-1A,Disease_A
7385974,BID,train,H21-04043-1A,Disease_E
9877117,MF,train,H21-04054-1A,Disease_F
2376924,BID,train,H21-04161-1A,Disease_B
9878294,MF,train,H21-04324-1A,Disease_F
9878294,MF,train,H21-04324-2a,Disease_F
2879204,MF,train,H21-04344-1A,Disease_D
6108913,BID,train,H21-04443-1A,Disease_D
3476124,BID,train,H21-04499-1A,Disease_B
2838967,BID,train,H21-04547-1A,Disease_C
880539,MF,train,H21-04641-1A,Disease_C
8880438,MF,train,H21-04654-1A,Disease_D
4080414,BID,train,H21-04707-1A,Disease_D
5820236,BID,train,H21-04729-1A,Disease_A
2883259,BID,train,H21-04997-1-2-SSS,Disease_C
2883259,BID,train,H21-04997-1-SSS,Disease_C
2883259,BID,train,H21-04997-2-SSS,Disease_C
8885938,MF,train,H21-05165-1A,Disease_B
8885938,MF,train,H21-05165-2A,Disease_B
6755847,BID,train,H21-05293-1A,Disease_C
2381802,BID,train,H21-05317-1-SSS,Disease_A
2381802,BID,train,H21-05317-2-SSS,Disease_A
2364690,BID,train,H21-05426-1A,Disease_F
7884602,BID,train,H21-05490-1A,Disease_D
1000103,BID,train,H21-05502-1A,Disease_D
7886968,BID,train,H21-05686-1A,Disease_A
7886968,BID,train,H21-05686-2-SSS,Disease_A
2224342,BID,train,H21-05848-1A,Disease_B
9639252,MF,train,H21-05933-1A,Disease_D
6088693,BID,train,H21-06043-1A,Disease_E
7592978,BID,train,H21-06132-1A,Disease_D
7887953,BID,train,H21-06137-1A,Disease_E
5334051,BID,train,H21-06372-1A,Disease_A
769676,BID,train,H21-06462-1A,Disease_A
7888083,MF,train,H21-06519-1A,Disease_D
5267591,MF,train,H21-06535-1A,Disease_C
2825093,BID,train,H21-06786-1-SSS,Disease_E
2825093,BID,train,H21-06786-2-SSS,Disease_E
786119,BID,train,H21-07068-1A,Disease_B
9890890,MF,train,H21-07101-1A,Disease_D
8163031,BID,train,H21-07243-1A,Disease_B
4394626,BID,train,H21-07610-1-SSS,Disease_D
4394626,BID,train,H21-07610-2-SSS,Disease_D
895913,MF,train,H21-08211-1A,Disease_C
1894591,BID,train,H21-08247-1A,Disease_C
1278216,BID,train,H21-08268-1A,Disease_C
3124205,BID,train,H21-08441-1A,Disease_F
3794698,BID,train,H21-08465-1A,Disease_C
5432777,BID,train,H21-08869-1-SSS,Disease_A
5432777,BID,train,H21-08869-2-SSS,Disease_A
7899738,MF,train,H21-08962-1A,Disease_A
9926524,BID,train,H21-09103-1-SSS,Disease_F
9926524,BID,train,H21-09103-2-SSS,Disease_F
6792652,MF,train,H21-09181-1A,Disease_E
6901716,BID,train,H21-09342-1A,Disease_B
8897767,BID,train,H21-09404-1A,Disease_D
3044602,BID,train,H21-09507-1A,Disease_D
9887333,BID,train,H21-09551-1A,Disease_F
9887333,BID,train,H21-09551-2A,Disease_F
8078180,BID,train,H21-09579-1A,Disease_A
8078180,BID,train,H21-09579-3-1-SSS,Disease_A
6901412,BID,train,H21-09756-1A,Disease_D
6901412,BID,train,H21-09756-2-1-SSS,Disease_D
5087785,BID,train,H21-10323-1A,Disease_A
100538,BID,train,H21-10585-1-SSS,Disease_E
100538,BID,train,H21-10585-2-1-SSS,Disease_E
8578841,BID,train,H21-11176-1A,Disease_B
4311710,BID,train,H21-11398-1A,Disease_E
4974592,BID,train,H21-11607-1A,Disease_F
8043055,BID,train,H21-11938-1A,Disease_C
8364215,BID,train,H21-11990-1A,Disease_C
6316517,BID,train,H21-12154-1A,Disease_C
8166910,BID,train,H21-12364-1A,Disease_E
2917826,BID,train,H21-12477-1A,Disease_D
9874609,BID,train,H21-13120-1A,Disease_B
8894462,BID,train,H21-13399-1A,Disease_C
4088916,BID,train,H21-13625-1A,Disease_F
8198862,BID,train,H21-13828-1A,Disease_F
1000948,BID,train,H21-13901-1-SSS,Disease_C
1000948,BID,train,H21-13901-2-SSS,Disease_C
5472476,BID,train,H21-13930-1A,Disease_C
1003536,BID,train,H21-13931-1A,Disease_B
90324,MF,train,R14-81408-1B,Disease_A
90324,MF,train,R14-81614-1A,Disease_A
90324,MF,train,R14-81614-2A,Disease_A
8408008,MF,train,R14-82605-2A,Disease_E
8408008,MF,train,R14-82605-WCL3947-1A,Disease_E
8408008,MF,train,R14-82605-WCL3947-2A-HE,Disease_E
5420398,MF,train,R14-83550-1A,Disease_C
2682108,MF,train,R14-83970-WCL3827-1A,Disease_B
1430275,MF,train,R14-84303-1A,Disease_F
6441648,MF,train,R15-80733-1A,Disease_C
448206,MF,train,R15-81234-WCL3910-1A,Disease_E
3448556,MF,train,R15-81253-1A,Disease_E
7449657,MF,train,R15-81334-1A,Disease_F
9450741,MF,train,R15-81469-WCL3909,Disease_C
455524,MF,train,R15-81827-WCL3911-1A,Disease_F
9459414,MF,train,R15-82085-WCL3915,Disease_B
2461479,MF,train,R15-82141-WCL3916,Disease_E
3462181,MF,train,R15-82228-WCL3913-1B,Disease_B
3464517,MF,train,R15-82372-1A,Disease_E
3464517,MF,train,R15-82372-WCL4084,Disease_E
6466264,MF,train,R15-82507-WCL3918-1A,Disease_E
1470415,MF,train,R15-82857-WCL3929-1,Disease_B
1470415,MF,train,R15-82857-WCL3929-1F,Disease_B
5472518,MF,train,R15-83060-1A,Disease_D
8464080,MF,train,R15-83226-WCL3917,Disease_D
6480529,MF,train,R15-83539-1A,Disease_E
3483335,MF,train,R15-83794-1A,Disease_B
3483335,MF,train,R15-83794-1B,Disease_B
6482444,MF,train,R15-83795-1A,Disease_E
6482444,MF,train,R15-83795-1B,Disease_E
6482444,MF,train,R15-83795-1C,Disease_E
6482444,MF,train,R15-83795-WCL3975,Disease_E
5472518,MF,train,R15-83939-1A,Disease_D
6490451,MF,train,R15-84256-1A,Disease_C
7494134,MF,train,R16-80130-WCL3978,Disease_E
1504393,MF,train,R16-80856-WCL4005,Disease_F
9507912,MF,train,R16-81029-1A,Disease_D
1509815,MF,train,R16-81102-1A,Disease_B
5510634,MF,train,R16-81128-1A,Disease_D
5510634,MF,train,R16-81128-2A,Disease_D
3505939,MF,train,R16-81167-1A,Disease_A
3505939,MF,train,R16-81167-3,Disease_A
3505939,MF,train,R16-81167-WCL4004-6-1,Disease_A
3505939,MF,train,R16-81167-WCL4004-6-3,Disease_A
1511230,MF,train,R16-81208-1,Disease_A
1511230,MF,train,R16-81208-8,Disease_A
520933,MF,train,R16-81698-1A,Disease_E
520933,MF,train,R16-81698-WCL4085-9,Disease_E
6525597,MF,train,R16-82199-2,Disease_E
6525597,MF,train,R16-82199-WCL4086,Disease_E
1533657,MF,train,R16-82414-WCL4105,Disease_C
540467,MF,train,R16-82794-4,Disease_C
540467,MF,train,R16-82794-5,Disease_C
540467,MF,train,R16-82794-WCL4106,Disease_C
541843,MF,train,R16-82838-5,Disease_F
541843,MF,train,R16-82838-WCL4109-12-1,Disease_F
541843,MF,train,R16-82838-WCL4109-12-6,Disease_F
9542399,MF,train,R16-82970-1A,Disease_F
9542399,MF,train,R16-82970-2,Disease_F
9542399,MF,train,R16-82970-WCL4107-12-1,Disease_F
2545237,MF,train,R16-83025-1A,Disease_D
550266,MF,train,R16-83293-1A,Disease_A
550266,MF,train,R16-83293-WCL4153,Disease_A
7554269,MF,train,R16-83517-1A,Disease_E
7554269,MF,train,R16-83517-2,Disease_E
7554269,MF,train,R16-83517-WCL4151,Disease_E
9476237,MF,train,R16-83944-1A,Disease_F
9476237,MF,train,R16-83944-WCL4152,Disease_F
8562887,MF,train,R16-84137-1A,Disease_D
8562887,MF,train,R16-84137-WCL4154,Disease_D
5549350,MF,train,R17-80232-WCL4214,Disease_E
3568967,MF,train,R17-80273-WCL4155,Disease_F
9573104,MF,train,R17-80620-WCL4213,Disease_E
1575518,MF,train,R17-80877-WCL4215,Disease_A
582487,MF,train,R17-81115-WCL4252,Disease_A
9582822,MF,train,R17-81166-WCL4212,Disease_E
5584147,MF,train,R17-81250-WCL4211,Disease_B
6594209,MF,train,R17-82058-1,Disease_A
6594209,MF,train,R17-82058-1A,Disease_A
6594209,MF,train,R17-82058-WCL4261,Disease_A
1599501,MF,train,R17-82297-1,Disease_E
1599501,MF,train,R17-82297-2,Disease_E
1599501,MF,train,R17-82297-WCL4259,Disease_E
1599870,MF,train,R17-82309-2,Disease_F
1599870,MF,train,R17-82309-WCL4254-1-HE,Disease_F
9599840,MF,train,R17-82381-WCL4258,Disease_E
6602412,MF,train,R17-82526-WCL4257,Disease_A
5614092,MF,train,R17-83349-1,Disease_C
5614092,MF,train,R17-83349-1B,Disease_C
5614092,MF,train,R17-83349-2,Disease_C
8623640,MF,train,R17-83989-07-HE,Disease_C
8623640,MF,train,R17-83989-1-HE,Disease_C
622925,MF,train,R17-83993-WCL4313,Disease_C
6631057,MF,train,R17-84487-1A,Disease_A
9601225,MF,train,R17-84514-WCL4368,Disease_C
1629268,MF,train,R17-84590-WCL4369,Disease_B
7141707,MF,train,R17-85020-1A,Disease_B
7141707,MF,train,R17-85020-WCL4470,Disease_B
9644367,MF,train,R18-80084-WCL4417-1,Disease_E
9644367,MF,train,R18-80084-WCL4417-5,Disease_E
8019471,MF,train,R18-80327-2,Disease_C
8019471,MF,train,R18-80327-3,Disease_C
8019471,MF,train,R18-80327-4,Disease_C
8019471,MF,train,R18-80327-5,Disease_C
8019471,MF,train,R18-80327-6,Disease_C
8019471,MF,train,R18-80327-7,Disease_C
8019471,MF,train,R18-80327-8,Disease_C
8648524,MF,train,R18-80330-WCL4421,Disease_C
2648163,MF,train,R18-80386-1A,Disease_F
2648163,MF,train,R18-80386-1B,Disease_F
2648163,MF,train,R18-80386-1C,Disease_F
1653469,MF,train,R18-80629-WCL4419,Disease_C
8654463,MF,train,R18-80768-3,Disease_C
8654463,MF,train,R18-80768-4,Disease_C
8654463,MF,train,R18-80768-WCL4420,Disease_C
5656410,MF,train,R18-80806-WCL4422,Disease_B
9661896,MF,train,R18-81154-1A,Disease_A
9661896,MF,train,R18-81154-WCL4473-11-HE,Disease_A
9664648,MF,train,R18-81327-06-HE,Disease_E
9664648,MF,train,R18-81327-1A,Disease_E
9664648,MF,train,R18-81327-3,Disease_E
9664648,MF,train,R18-81327-WCL4472,Disease_E
7669083,MF,train,R18-81623-3,Disease_E
7669083,MF,train,R18-81623-WCL4476-1-HE,Disease_E
6668055,MF,train,R18-81630-2,Disease_F
6668055,MF,train,R18-81630-WCL4471,Disease_F
669448,MF,train,R18-81658-WCL4477,Disease_D
5675061,MF,train,R18-82016-1A,Disease_C
5675061,MF,train,R18-82016-WCL4475,Disease_C
2656101,MF,train,R18-82042-1A,Disease_E
2656101,MF,train,R18-82042-2,Disease_E
2656101,MF,train,R18-82042-3,Disease_E
2656101,MF,train,R18-82042-4A-HE,Disease_E
5510634,MF,train,R18-82062-1A,Disease_D
9684850,MF,train,R18-82643-1A,Disease_D
9684850,MF,train,R18-82643-WCL4480,Disease_D
1686246,BID,train,R18-82745-1A,Disease_C
7687597,MF,train,R18-82858-1A-HE,Disease_D
7687597,MF,train,R18-82858-WCL4481-05-HE,Disease_D
6687906,MF,train,R18-82955-WCL4482,Disease_C
693269,MF,train,R18-83214-1A,Disease_A
693269,MF,train,R18-83214-WCL4485,Disease_A
7694172,MF,train,R18-83263-3,Disease_D
7694172,MF,train,R18-83263-WCL4563,Disease_D
7693606,MF,train,R18-83294-,Disease_E
7693606,MF,train,R18-83294-WCL4483,Disease_E
6693903,BID,train,R18-83295-1A,Disease_C
3695271,BID,train,R18-83354-1A,Disease_E
698053,BID,train,R18-83540-1A,Disease_B
8698321,BID,train,R18-83553-1A,Disease_C
9698371,BID,train,R18-83556-1A,Disease_D
1691534,BID,train,R18-83562-1A,Disease_C
6019487,BID,train,R18-83574-1A,Disease_E
8408008,MF,train,R18-83584-WCL3947-1,Disease_E
8408008,MF,train,R18-83584-WCL3947-5,Disease_E
3702081,MF,train,R18-83787-1A-HE,Disease_A
6702083,BID,train,R18-83788-1A,Disease_C
8702134,MF,train,R18-83898-1A,Disease_D
8702134,MF,train,R18-83898-WCL4621,Disease_D
1704408,BID,train,R18-83969-1A,Disease_B
1704408,BID,train,R18-83969-2,Disease_B
4782053,BID,train,R18-84139-1A,Disease_F
8709991,BID,train,R18-84367-1A,Disease_A
2709641,BID,train,R18-84370-1A,Disease_B
2711389,MF,train,R18-84530-WCL4565,Disease_E
2712199,BID,train,R18-84723-1A,Disease_C
1713279,BID,train,R19-80047-1A,Disease_E
1713279,BID,train,R19-80047-2,Disease_E
1713279,BID,train,R19-80047-3,Disease_E
1713279,BID,train,R19-80047-4,Disease_E
9720838,MF,train,R19-80184-WCL4568,Disease_E
7721663,MF,train,R19-80219-WCL4622,Disease_E
9724344,MF,train,R19-80400-WCL4623,Disease_D
6730684,MF,train,R19-80861-1A,Disease_E
6730684,MF,train,R19-80861-WCL4624,Disease_E
2731863,BID,train,R19-80947-1A,Disease_A
5734243,BID,train,R19-81104-1A,Disease_E
9734867,MF,train,R19-81151-1A,Disease_D
9734867,MF,train,R19-81151-2,Disease_D
8736864,MF,train,R19-81299-1A,Disease_D
7738257,MF,train,R19-81662-1A,Disease_A
7738257,MF,train,R19-81662-2A,Disease_A
8742027,BID,train,R19-81667-1A,Disease_F
8743269,MF,train,R19-81765-19-HE,Disease_C
5160119,BID,train,R19-81858-1A,Disease_C
6745613,MF,train,R19-81931-01-HE,Disease_E
6745613,MF,train,R19-81931-2,Disease_E
6745613,MF,train,R19-81931-5-HE,Disease_E
2941406,BID,train,R19-82047-1A,Disease_B
3012205,MF,train,R19-82350-1A,Disease_C
753345,BID,train,R19-82391-1A,Disease_C
6755774,MF,train,R19-82547-1A-HE,Disease_F
6755774,MF,train,R19-82547-2A-HE,Disease_F
2757460,MF,train,R19-82639-1A,Disease_E
2757460,MF,train,R19-82639-2A,Disease_E
2297465,BID,train,R19-82802-1A,Disease_F
9353332,BID,train,R19-83000-1A,Disease_E
7045231,MF,train,R19-83320-1A,Disease_B
774666,BID,train,R19-83714-1A,Disease_D
774666,BID,train,R19-83714-1B,Disease_D
776623,MF,train,R19-83855-1A,Disease_F
2777745,MF,train,R19-83915-1A,Disease_F
2777745,MF,train,R19-83915-1B,Disease_F
3779055,BID,train,R19-83994-1A,Disease_E
7773156,MF,train,R19-84098-1A,Disease_B
6782270,MF,train,R19-84197-1A,Disease_F
1785173,MF,train,R19-84395-1A,Disease_B
6782346,BID,train,R19-84396-2A,Disease_C
6782346,BID,train,R19-84396-3A,Disease_C
2785371,MF,train,R19-84412-1A,Disease_D
5786458,BID,train,R19-84498-1A,Disease_E
2786618,MF,train,R19-84527-1A,Disease_A
4141226,MF,train,R19-84548-1A,Disease_D
3787608,MF,train,R19-84576-1A,Disease_A
8787988,BID,train,R19-84587-1A,Disease_F
721316,BID,train,R19-84656-1A,Disease_B
721316,BID,train,R19-84656-2A,Disease_B
721316,BID,train,R19-84656-3A,Disease_B
721316,BID,train,R19-84656-3B,Disease_B
721316,BID,train,R19-84656-3C,Disease_B
721316,BID,train,R19-84656-4A,Disease_B
9789882,MF,train,R19-84753-1A,Disease_C
6790452,BID,train,R19-84775-1A,Disease_D
6281153,BID,train,R19-84776-1A,Disease_F
6281153,BID,train,R19-84776-1B,Disease_F
8790857,MF,train,R19-84833-1A,Disease_D
8786241,BID,train,R19-84967-1B,Disease_A
7353722,MF,train,R19-85066-1A,Disease_A
6797079,BID,train,R20-80164-1A,Disease_C
6797079,BID,train,R20-80164-2A,Disease_C
2092955,MF,train,R20-80178-1A,Disease_B
7798724,MF,train,R20-80250-1A,Disease_D
7798724,MF,train,R20-80250-1B,Disease_D
3801239,BID,train,R20-80461-1A,Disease_C
3801239,BID,train,R20-80461-2A,Disease_C
3801239,BID,train,R20-80461-3A,Disease_C
7807001,MF,train,R20-80782-1A,Disease_B
9811893,MF,train,R20-81051-WCL4922-35,Disease_B
9811893,MF,train,R20-81051-WCL4922-42,Disease_B
2811979,BID,train,R20-81059-1A,Disease_B
3813293,MF,train,R20-81172-1A,Disease_E
6813881,BID,train,R20-81225-1A,Disease_D
818629,MF,train,R20-81600-1A,Disease_C
9820201,BID,train,R20-81705-1,Disease_D
9820201,BID,train,R20-81705-1A,Disease_D
9820201,BID,train,R20-81705-5,Disease_D
5792013,MF,train,R20-81734-1A,Disease_F
7825570,MF,train,R20-82071-1A,Disease_D
1564714,BID,train,R20-82534-1A,Disease_F
1833227,BID,train,R20-82658-1A,Disease_B
3834150,BID,train,R20-82727-1A,Disease_D
3834150,BID,train,R20-82727-2A,Disease_D
3834150,BID,train,R20-82727-3A,Disease_D
833500,BID,train,R20-82744-1A,Disease_F
833500,BID,train,R20-82744-1B,Disease_F
833500,BID,train,R20-82744-2A,Disease_F
833500,BID,train,R20-82744-2B,Disease_F
7834963,MF,train,R20-82842-1B,Disease_C
2836460,MF,train,R20-82871-1A,Disease_A
2836460,MF,train,R20-82871-1B,Disease_A
1816234,BID,train,R20-82911-1A,Disease_C
1816234,BID,train,R20-82911-2,Disease_C
6838155,MF,train,R20-82994-1A,Disease_F
6838155,MF,train,R20-82994-2,Disease_F
1839170,MF,train,R20-83059-1A,Disease_D
1839170,MF,train,R20-83059-2,Disease_D
6840813,MF,train,R20-83187-1A,Disease_A
6840813,MF,train,R20-83187-2,Disease_A
3841107,BID,train,R20-83201-1A,Disease_A
1842121,MF,train,R20-83281-1A,Disease_C
8842659,MF,train,R20-83293-1A,Disease_F
9844434,MF,train,R20-83411-HE,Disease_C
2039054,MF,train,R20-83523-1A,Disease_E
2039054,MF,train,R20-83523-2,Disease_E
7845848,BID,train,R20-83524-1A,Disease_C
8163303,BID,train,R20-83655-1A,Disease_A
6849255,BID,train,R20-83729-1A,Disease_C
6849255,BID,train,R20-83729-2,Disease_C
6104489,MF,train,R20-83910-WCL5036,Disease_F
3851791,MF,train,R20-83911-1A,Disease_F
7858589,BID,train,R20-84734-1A,Disease_B
8864244,BID,train,R21-80218-2,Disease_A
9489353,BID,train,R21-80260-1A,Disease_C
6867665,MF,train,R21-80436-1A,Disease_E
8871944,MF,train,R21-80779-1A,Disease_F
9875688,BID,train,R21-81057-1A,Disease_F
7877111,MF,train,R21-81185-HE,Disease_D
9877117,MF,train,R21-81198-HE,Disease_F
2878169,BID,train,R21-81248-1A,Disease_C
9878294,MF,train,R21-81281-HE,Disease_F
880539,MF,train,R21-81438-2,Disease_C
8880438,MF,train,R21-81441-1A,Disease_D
6882932,MF,train,R21-81581-1A,Disease_B
6876462,BID,train,R21-81583-1A,Disease_D
6876462,BID,train,R21-81583-2,Disease_D
1878904,BID,train,R21-81622-1A,Disease_C
8885938,MF,train,R21-81827-1A,Disease_B
7888083,MF,train,R21-81976-1A,Disease_D
7888083,MF,train,R21-81976-1B,Disease_D
9639252,MF,train,R21-82022-1A,Disease_D
7827801,BID,train,R21-82184-1A,Disease_D
7827801,BID,train,R21-82573-1A,Disease_D
7827801,BID,train,R21-82573-2,Disease_D
7827801,BID,train,R21-82573-3,Disease_D
7827801,BID,train,R21-82573-4,Disease_D
895913,MF,train,R21-82647-1A,Disease_C
895913,MF,train,R21-82647-1B,Disease_C
896199,BID,train,R21-82649-1A,Disease_E
896199,BID,train,R21-82649-2,Disease_E
1006491,BID,train,R21-82862-1A,Disease_C
1006491,BID,train,R21-82862-2,Disease_C
6899285,BID,train,R21-82866-1A,Disease_A
6899285,BID,train,R21-82866-2,Disease_A
7899738,MF,train,R21-82924-1A,Disease_A
3900524,BID,train,R21-82990-050-HE,Disease_D
9903122,BID,train,R21-83261-1A,Disease_E
8127113,BID,train,R21-83378-2,Disease_A
9905804,BID,train,R21-83399-1A,Disease_A
3907477,BID,train,R21-83636-1A,Disease_A
918845,BID,train,R21-84328-1A,Disease_A
918845,BID,train,R21-84328-2A,Disease_A
5919734,BID,train,R21-84435-1A,Disease_C
1006547,BID,train,R21-84798-1A,Disease_F
1006547,BID,train,R21-84798-1B,Disease_F
1360497,BID,train,H15-00322-1A,Disease_C
6823088,BID,train,H15-01913-1A,Disease_C
3281242,BID,train,H15-01916-1A,Disease_E
7777579,BID,train,H15-01926-1A,Disease_E
9182894,BID,train,H15-01945-1A,Disease_F
6376445,BID,train,H15-02106-1A,Disease_E
2747140,BID,train,H15-02252-1A,Disease_B
361662,BID,train,H15-02264-1A,Disease_F
8467137,BID,train,H15-02379-1A,Disease_E
14308,BID,train,H15-02548-1A,Disease_F
5060907,BID,train,H15-02575-1A,Disease_C
438058,BID,train,H15-02772-1A,Disease_C
8144411,BID,train,H15-02788-1A,Disease_F
8127126,BID,train,H15-02867-1A,Disease_B
8410129,BID,train,H15-02900-1A,Disease_B
5187408,BID,train,H15-02976-1A,Disease_F
5187408,BID,train,H15-02976-2A,Disease_F
5187408,BID,train,H15-02976-3A,Disease_F
7020443,BID,train,H15-03011-1A,Disease_E
7439042,BID,train,H15-03013-1A,Disease_D
2426081,BID,train,H15-03014-1A,Disease_B
4007618,BID,train,H15-03142-1A,Disease_A
4753257,BID,train,H15-03214-1A,Disease_C
9213494,BID,train,H15-03394-1A,Disease_F
7444475,BID,train,H15-03396-1A,Disease_A
9335591,BID,train,H15-03428-1A,Disease_F
5401728,BID,train,H15-03504-1A,Disease_C
8332571,BID,train,H15-03584-1A,Disease_C
6161765,BID,train,H15-03918-1A,Disease_B
2442189,BID,train,H15-04057-2A,Disease_B
3383319,BID,train,H15-04097-1A,Disease_A
5532766,BID,train,H15-04185-1A,Disease_F
5532766,BID,train,H15-04185-2A,Disease_F
1404526,BID,train,H15-04191-1A,Disease_C
3217965,BID,train,H15-04277-1A,Disease_A
3016920,BID,train,H15-04423-2A,Disease_D
3016920,BID,train,H15-04423-3A,Disease_D
5254086,BID,train,H15-04531-1A,Disease_A
2700490,BID,train,H15-04569-1A,Disease_E
265166,BID,train,H15-04608-1A,Disease_A
9426884,BID,train,H15-04672-1A,Disease_E
2390266,BID,train,H15-04674-1A,Disease_E
5455021,BID,train,H15-05300-1A,Disease_E
1398666,BID,train,H15-05479-1A,Disease_C
5424523,BID,train,H15-05480-1A,Disease_D
6309357,BID,train,H15-05627-1A,Disease_A
9172556,BID,train,H15-05687-1A,Disease_A
9172556,BID,train,H15-05687-2A,Disease_A
9991362,BID,train,H15-05927-1A,Disease_D
6924059,BID,train,H15-06685-1A,Disease_C
7908,BID,train,H15-06872-1A,Disease_B
5768686,BID,train,H15-06954-1A,Disease_A
9335591,BID,train,H15-07025-1A,Disease_F
432873,BID,train,H15-07152-1A,Disease_B
9332336,BID,train,H15-07161-1A,Disease_F
62763,BID,train,H15-07355-1A,Disease_F
2255417,BID,train,H15-07672-1A,Disease_D
5348570,BID,train,H15-07725-1A,Disease_F
7419175,BID,train,H15-07797-1A,Disease_F
6705660,BID,train,H15-07849-1A,Disease_C
9293702,BID,train,H15-08010-1A,Disease_C
8139871,BID,train,H15-08354-1A,Disease_C
9387992,BID,train,H15-08364-1A,Disease_F
7171382,BID,train,H15-08388-1A,Disease_D
7456609,BID,train,H15-08391-1A,Disease_E
6047244,BID,train,H15-08401-1A,Disease_E
1288158,BID,train,H15-08433-1A,Disease_B
1288158,BID,train,H15-08433-2A,Disease_B
1288158,BID,train,H15-08433-3A,Disease_B
6904087,BID,train,H15-08478-1A,Disease_E
380576,BID,train,H15-08679-2A,Disease_E
5596751,BID,train,H15-09080-1A,Disease_C
2436073,BID,train,H15-09143-1A,Disease_C
9684779,BID,train,H15-09156-1A,Disease_F
31358,BID,train,H15-09255-1A,Disease_B
1451945,BID,train,H15-09315-1A,Disease_A
6924059,BID,train,H15-09316-1A,Disease_C
7647998,BID,train,H15-09410-1A,Disease_B
6821130,BID,train,H15-09764-1A,Disease_B
9224886,BID,train,H15-09784-2A,Disease_D
6445395,BID,train,H15-10192-1A,Disease_F
319351,BID,train,H15-10268-1A,Disease_D
9158230,BID,train,H15-10292-1A,Disease_B
4196406,BID,train,H15-10606-1A,Disease_B
5428371,BID,train,H15-14110-1A,Disease_B
26189,BID,train,H15-14363-1A,Disease_E
9492817,BID,train,H15-15335-1A,Disease_D
133553,BID,train,H16-03873-1A,Disease_B
2264503,BID,train,H16-06145-1A,Disease_C
2264503,BID,train,H16-06145-2A,Disease_C
2522308,BID,train,H16-07776-1A,Disease_F
2122726,BID,train,H16-11037-1A,Disease_F
8510980,BID,train,H16-13725-1A,Disease_C
2491138,BID,train,H16-16157-1A,Disease_F
9403803,BID,train,H17-03022-1A,Disease_E
972064,BID,train,H17-04045-1A,Disease_E
8080532,BID,train,H17-04406-3A,Disease_A
8080532,BID,train,H17-04406-4A,Disease_A
3028127,BID,train,H17-06204-1A,Disease_A
8658591,BID,train,H17-08424-1A,Disease_A
8658591,BID,train,H17-08424-2A,Disease_A
1111729,BID,train,H17-10694-1A,Disease_F
1005334,BID,train,H17-11345-1A,Disease_E
6175621,BID,train,H17-11498-1A,Disease_E
2614006,BID,train,H17-11691-1A,Disease_E
1548675,BID,train,H17-12059-1A,Disease_C
5356283,BID,train,H17-12230-1A,Disease_E
2324224,BID,train,H17-12618-1A,Disease_C
7505827,BID,train,H17-12698-1A,Disease_A
5356459,BID,train,H17-13018-1A,Disease_A
2564766,BID,train,H17-13042-1A,Disease_F
1632402,BID,train,H17-16383-1A,Disease_A
2222072,BID,train,R15-81434-1A,Disease_F
6867665,MF,train,H21-01761-1A,Disease_E
90324,MF,train,H20-04257-1A,Disease_A
1430275,MF,train,H19-12856-1A,Disease_F
7763643,MF,train,H19-10639-2A,Disease_D
1430275,MF,train,H19-01234-1A,Disease_F
1470415,MF,train,H16-02032-1A,Disease_B
1470415,MF,train,H15-12193-1A,Disease_B
7345279,BID,validate,H21-09403-1A,Disease_B
7897420,BID,validate,H21-09449-1A,Disease_B
1462887,BID,validate,H21-09620-1A,Disease_D
6904672,BID,validate,H21-09805-1A,Disease_F
195030,MF,validate,H21-09823-1A,Disease_D
2838754,BID,validate,H21-10028-1A,Disease_D
5910183,BID,validate,H21-10030-1A,Disease_B
6519509,BID,validate,H21-10789-1A,Disease_F
5142361,BID,validate,H21-10879-1A,Disease_B
1220208,BID,validate,H21-10935-1A,Disease_D
3849644,BID,validate,H21-10947-1A,Disease_F
7522877,BID,validate,H21-10950-1A,Disease_D
786119,BID,validate,H21-11129-1A,Disease_B
7857256,BID,validate,H21-11295-1A,Disease_E
6409947,BID,validate,H21-11332-1A,Disease_F
6765622,BID,validate,H21-11482-1A,Disease_F
1003574,MF,validate,H21-12872-1A,Disease_D
3903102,MF,validate,H21-13412-1A,Disease_E
2869110,MF,validate,R21-80552-1A,Disease_C
6881926,BID,validate,R21-81541-1A,Disease_B
6881926,BID,validate,R21-81541-2A,Disease_B
5896236,BID,validate,R21-82652-1A,Disease_D
5896236,BID,validate,R21-82652-2A,Disease_D
195030,MF,validate,R21-83678-1B,Disease_D
7908633,BID,validate,R21-83824-1A,Disease_F
5913839,BID,validate,R21-84018-1A,Disease_B
5913839,BID,validate,R21-84018-2A,Disease_B
9731465,BID,validate,R21-84081-1A,Disease_B
3920225,MF,validate,R21-84430-1A,Disease_B
1001334,BID,validate,R21-84559-1A,Disease_C
1003574,MF,validate,R21-84626-1A,Disease_D
1004475,MF,validate,R21-84646-1A,Disease_A
2842209,BID,validate,R21-84708-1A,Disease_D
1005794,MF,validate,R21-84734-1A,Disease_A
1006629,BID,validate,R21-84784-1A,Disease_A
1010129,MF,validate,R21-84986-1A,Disease_A
9731465,BID,validate,R21-85195-1A,Disease_B
1010129,MF,validate,H22-00059-1A,Disease_A
1004475,MF,validate,H22-00283-1A,Disease_A
1017929,MF,validate,H22-01140-1A,Disease_B
3231478,BID,validate,H22-01684-1A,Disease_E
1020015,BID,validate,H22-01897-1A,Disease_B
2584306,BID,validate,H22-01982-1A,Disease_B
5871088,BID,validate,H22-02249-1A,Disease_F
6869496,BID,validate,H22-02358-1A,Disease_F
4304321,BID,validate,H22-02359-1A,Disease_A
902935,BID,validate,H22-02473-1A,Disease_B
9874489,BID,validate,H22-02528-1A,Disease_A
102221,BID,validate,H22-02561-1A,Disease_F
9892313,BID,validate,H22-02723-1A,Disease_E
9807931,BID,validate,H22-02738-1A,Disease_D
3820760,BID,validate,H22-02739-1A,Disease_A
9651968,BID,validate,H22-02838-1A,Disease_E
1329779,BID,validate,H22-02897-1A,Disease_D
1033237,BID,validate,H22-03029-1A,Disease_C
5175739,BID,validate,H22-03060-1A,Disease_A
7765405,BID,validate,H22-03370-1A,Disease_A
1400348,BID,validate,H22-03443-1A,Disease_C
1030832,BID,validate,H22-03574-1A,Disease_C
9164836,BID,validate,H22-03729-1A,Disease_A
6904641,BID,validate,H22-03730-1A,Disease_C
8669287,BID,validate,H22-03798-1A,Disease_B
9149937,BID,validate,H22-03995-1A,Disease_D
4015949,BID,validate,H22-04127-1A,Disease_D
442435,BID,validate,H22-04335-1A,Disease_D
3521313,BID,validate,H22-04408-1A,Disease_B
1034947,MF,validate,H22-04743-1A,Disease_C
1039792,BID,validate,H22-04746-1A,Disease_E
1043605,MF,validate,H22-05503-1A,Disease_C
1043605,MF,validate,H22-05503-2A,Disease_C
1048413,MF,validate,H22-05988-1A,Disease_A
1049819,MF,validate,H22-06285-1A,Disease_F
1010129,MF,validate,H22-06817-1A,Disease_A
1060319,MF,validate,H22-07604-1A,Disease_D
1053679,MF,validate,H22-07610-1A,Disease_C
1507169,MF,validate,H22-08346-2A,Disease_E
1068428,MF,validate,H22-09432-1A,Disease_A
1068298,MF,validate,H22-09758-1A,Disease_B
1039792,BID,validate,H22-10028-1A,Disease_E
1039792,BID,validate,H22-10028-2A,Disease_E
1077790,MF,validate,H22-10868-1A,Disease_B
1082076,MF,validate,H22-11446-1A,Disease_E
1116105,MF,validate,H22-11447-1A,Disease_A
1093978,MF,validate,H22-12986-1A,Disease_D
1015383,MF,validate,R22-80038-1A,Disease_C
1015383,MF,validate,R22-80038-2A,Disease_C
1017929,MF,validate,R22-80154-1A,Disease_B
7580845,BID,validate,R22-80219-1A,Disease_A
7580845,BID,validate,R22-80219-1B,Disease_A
7580845,BID,validate,R22-80219-2A,Disease_A
7580845,BID,validate,R22-80219-3A,Disease_A
7580845,BID,validate,R22-80219-3B,Disease_A
1022286,BID,validate,R22-80410-1A,Disease_B
1022234,MF,validate,R22-80416-2A,Disease_E
1022817,MF,validate,R22-80503-1A,Disease_E
1022817,MF,validate,H22-01898-1A,Disease_E
1029037,BID,validate,R22-80775-1A,Disease_C
1029037,BID,validate,R22-80775-1B,Disease_C
1035687,BID,validate,R22-81113-1A,Disease_E
8669287,BID,validate,R22-81148-1A,Disease_B
1507169,MF,validate,R22-81314-1A,Disease_E
1507169,MF,validate,R22-81314-1B,Disease_E
1038471,BID,validate,R22-81316-1A,Disease_E
1038471,BID,validate,R22-81316-2A,Disease_E
1041297,MF,validate,R22-81466-1A,Disease_A
1041683,MF,validate,R22-81491-1A,Disease_D
1041683,MF,validate,R22-81491-2A,Disease_D
1769216,BID,validate,R22-81560-1A,Disease_C
9300734,MF,validate,R22-81564-1A,Disease_A
1043605,MF,validate,R22-81572-1A,Disease_C
7084371,BID,validate,R22-81721-1A,Disease_D
6568560,MF,validate,R22-81928-1A,Disease_A
1049598,MF,validate,R22-81957-1A,Disease_F
1051082,MF,validate,R22-81980-1A,Disease_A
1048413,MF,validate,R22-82093-1A,Disease_A
1048413,MF,validate,R22-82093-2A,Disease_A
1054967,BID,validate,R22-82148-1C,Disease_E
1054967,BID,validate,R22-82148-1A,Disease_E
1054967,BID,validate,R22-82148-1B,Disease_E
1055134,MF,validate,R22-82163-1A,Disease_D
1055134,MF,validate,R22-82163-1B,Disease_D
1049819,MF,validate,R22-82217-1A,Disease_F
1049819,MF,validate,R22-82217-2B,Disease_F
1049819,MF,validate,R22-82217-2A,Disease_F
1058730,BID,validate,R22-82383-1B,Disease_C
1060319,MF,validate,R22-82480-1A,Disease_D
887936,BID,validate,R22-82630-2A,Disease_C
1062365,MF,validate,R22-82634-1A,Disease_D
1062365,MF,validate,R22-82634-2A,Disease_D
1064946,BID,validate,R22-82776-2A,Disease_E
1064946,BID,validate,R22-82776-2B,Disease_E
1064946,BID,validate,R22-82776-1A,Disease_E
1068298,MF,validate,R22-82948-1A,Disease_B
1068428,MF,validate,R22-82981-1A,Disease_A
1068428,MF,validate,R22-82981-2A,Disease_A
1068993,MF,validate,R22-83014-1B,Disease_B
1068993,MF,validate,R22-83014-1A,Disease_B
6343793,BID,validate,R22-83496-1A,Disease_A
1077790,MF,validate,R22-83510-1A,Disease_B
7879418,MF,validate,R22-83615-1A,Disease_E
7879418,MF,validate,R22-83615-1B,Disease_E
1082046,BID,validate,R22-83683-1A,Disease_F
1083240,MF,validate,R22-83717-1A,Disease_D
1082076,MF,validate,R22-83733-1A,Disease_E
1082076,MF,validate,R22-83733-2A,Disease_E
1116105,MF,validate,R22-83833-1A,Disease_A
1080515,BID,validate,R22-84148-1A,Disease_A
1080515,BID,validate,R22-84148-2A,Disease_A
1093063,MF,validate,R22-84240-1A,Disease_C
1093978,BID,validate,R22-84348-1A,Disease_D
1096068,MF,validate,R22-84414-2A,Disease_B
1096068,MF,validate,R22-84414-1A,Disease_B
1101271,MF,validate,R22-84643-1A,Disease_F
1102516,MF,validate,R22-84731-1A,Disease_C
1104156,MF,validate,R22-84825-1A,Disease_D
1103699,MF,validate,R22-84830-1A,Disease_A
1103699,MF,validate,R22-84834-1A,Disease_A
1101271,MF,validate,H23-00061-1A,Disease_F
1107084,MF,validate,H23-00306-1A,Disease_D
1102516,MF,validate,H23-00635-1A,Disease_C
1103699,MF,validate,H23-00643-1A,Disease_A
8634686,MF,validate,H23-00663-1A,Disease_A
1136845,MF,validate,H23-04605-1A,Disease_E
2869110,MF,validate,H23-04608-1A,Disease_C
1136796,MF,validate,H23-04817-1A,Disease_B
1142534,MF,validate,H23-07798-1A,Disease_E
5654373,MF,validate,H23-09347-1A,Disease_E
1186125,MF,validate,H23-09666-1A,Disease_D
8856540,MF,validate,H23-09708-1A,Disease_B
1178252,MF,validate,H23-10498-1A,Disease_A
1196713,MF,validate,H23-10964-1A,Disease_A
1199616,MF,validate,H23-12427-1A,Disease_F
1107084,MF,validate,R23-80063-1A,Disease_D
1121231,BID,validate,R23-80558-1A,Disease_C
9820430,BID,validate,R23-80564-1A,Disease_F
1121810,BID,validate,R23-80580-1A,Disease_F
1121810,BID,validate,R23-80580-2A,Disease_F
1121810,BID,validate,R23-80580-2B,Disease_F
1121810,BID,validate,R23-80580-3A,Disease_F
1121810,BID,validate,R23-80580-3B,Disease_F
1121810,BID,validate,R23-80580-4A,Disease_F
1121810,BID,validate,R23-80580-4B,Disease_F
1122851,MF,validate,R23-80610-1A,Disease_A
1124152,BID,validate,R23-80713-1A,Disease_D
1124152,BID,validate,R23-80713-1B,Disease_D
1124152,BID,validate,R23-80713-1C,Disease_D
1125897,MF,validate,R23-80735-1A,Disease_E
1136845,MF,validate,R23-81241-1A,Disease_E
1136796,MF,validate,R23-81245-1A,Disease_B
1142534,MF,validate,R23-81465-1A,Disease_E
5654373,MF,validate,R23-83281-2A,Disease_E
1186125,MF,validate,R23-83334-1A,Disease_D
1186125,MF,validate,R23-83334-2A,Disease_D
8856540,MF,validate,R23-83421-1A,Disease_B
2869110,MF,validate,H21-02056-1A,Disease_C
